state,area_nr,area_name,total_n,germans_n,foreigner_n,for_prop,pop_move_n,pop_migr_background_n,income,unemp_n,unemp_prop,votes_total,afd_votes,afd_prop,east,east_num,state_id,Genieser,Harmoniesuchende,Hedonisten,Selbstbestimmte,Werschätzenden,type_unknown,Konformisten,Verantwortungsverweiterer
Schleswig-Holstein,1,Flensburg – Schleswig,282.8,266.7,16.100000000000023,5.7,3478.4400000000005,28.28,20265,20.3616,7.2,170396,11647,0.06835254348693631,no,0,15,0.05925925925925926,0.007407407407407408,0.007407407407407408,0.02962962962962963,0.007407407407407408,0.8888888888888888,NA,NA
Schleswig-Holstein,2,Nordfriesland – Dithmarschen Nord,232.3,219.7,12.600000000000023,5.4,3066.36,18.584,22159,16.7256,7.2,138075,9023,0.06534854245880861,no,0,15,0.05063291139240506,0.06329113924050633,0.0379746835443038,0.07172995780590717,NA,0.7130801687763713,0.029535864978902954,0.03375527426160337
Schleswig-Holstein,3,Steinburg – Dithmarschen Süd,220.8,209.8,11,5,2627.5200000000004,20.313599999999997,20896,14.572799999999999,6.6,130875,11176,0.08539446036294174,no,0,15,0.19796954314720813,0.07868020304568528,0.06345177664974619,0.07360406091370558,0.09390862944162437,0.27411167512690354,0.14720812182741116,0.07106598984771574
Schleswig-Holstein,4,Rendsburg-Eckernförde,248.7,239.4,9.299999999999983,3.7,2487,21.139499999999998,22093,12.683699999999998,5.1,156268,11578,0.07409066475542017,no,0,15,0.125,0.10344827586206896,0.047413793103448273,0.11637931034482758,0.11637931034482758,0.47844827586206895,0.008620689655172414,0.004310344827586207
Schleswig-Holstein,5,Kiel,268,242.9,25.099999999999994,9.4,3189.2000000000003,48.24,18637,23.584,8.8,150173,10390,0.06918687114194962,no,0,15,0.18181818181818182,0.09090909090909091,0.09090909090909091,0.2727272727272727,NA,NA,NA,0.36363636363636365
Schleswig-Holstein,6,Plön – Neumünster,219.8,206.8,13,5.9,4615.8,23.738400000000002,20395,15.166200000000002,6.9,130514,11161,0.08551573011324455,no,0,15,0.10752688172043011,0.043010752688172046,NA,0.010752688172043012,NA,0.7419354838709677,0.0967741935483871,NA
Schleswig-Holstein,7,Pinneberg,307.5,281.5,26,8.4,4028.25,46.125,23766,15.99,5.2,186372,15977,0.08572639666902754,no,0,15,0.24736842105263157,0.10526315789473684,0.06315789473684211,0.1,0.2236842105263158,0.042105263157894736,0.1,0.11842105263157894
Schleswig-Holstein,8,Segeberg – Stormarn-Mitte,313.2,294.9,18.30000000000001,5.8,2881.4399999999996,41.65560000000001,22791,14.407199999999998,4.6,191937,17166,0.08943559605495553,no,0,15,0.19806763285024154,0.13043478260869565,0.10305958132045089,0.05475040257648953,0.14814814814814814,0.040257648953301126,0.09822866344605476,0.22705314009661837
Schleswig-Holstein,9,Ostholstein – Stormarn-Nord,219.3,209.9,9.400000000000006,4.3,2894.76,18.421200000000002,21962,13.5966,6.2,137273,11780,0.0858143990442403,no,0,15,0.10606060606060606,NA,0.06060606060606061,0.19696969696969696,0.10606060606060606,0.3787878787878788,0.045454545454545456,0.10606060606060606
Schleswig-Holstein,10,Herzogtum Lauenburg – Stormarn-Süd,311.1,290.6,20.5,6.6,5226.4800000000005,39.5097,23628,14.9328,4.8,191971,18791,0.09788457631621443,no,0,15,0.15594855305466238,0.15916398713826366,0.09485530546623794,0.1864951768488746,0.11736334405144695,0.06913183279742766,0.1270096463022508,0.09003215434083602
Schleswig-Holstein,11,Lübeck,235.3,216.5,18.80000000000001,8,2870.66,38.8245,19238,20.4711,8.7,129805,11549,0.08897191941758792,no,0,15,0.11428571428571428,0.0761904761904762,0.009523809523809525,NA,0.20952380952380953,0.06666666666666667,0.20952380952380953,0.3142857142857143
Mecklenburg-Vorpommern,12,Schwerin – Ludwigslust-Parchim I – Nordwestmecklenburg I,270.9,254.6,16.299999999999983,6,7260.12,12.7323,18008,21.1302,7.8,155412,25692,0.1653154196587136,yes,1,8,0.19680851063829788,0.2127659574468085,0.02127659574468085,0.0425531914893617,0.3617021276595745,0.10106382978723404,0.05585106382978723,0.007978723404255319
Mecklenburg-Vorpommern,13,Ludwigslust-Parchim II – Nordwestmecklenburg II – Landkreis Rostock I,248.8,241.3,7.5,3,2338.7200000000003,8.956800000000001,18081,17.6648,7.1,145108,25686,0.17701298343302918,yes,1,8,0.022058823529411766,NA,0.04411764705882353,0.022058823529411766,0.029411764705882353,0.8823529411764706,NA,NA
Mecklenburg-Vorpommern,14,Rostock – Landkreis Rostock II,271.6,261.2,10.400000000000034,3.8,2688.84,14.938000000000002,16879,24.172400000000003,8.9,162306,25170,0.15507744630512735,yes,1,8,0.023809523809523808,0.023809523809523808,0.023809523809523808,0.11904761904761904,0.023809523809523808,0.7142857142857143,0.07142857142857142,NA
Mecklenburg-Vorpommern,15,Vorpommern-Rügen – Vorpommern-Greifswald I,292.3,282.3,10,3.4,3244.53,9.645900000000001,17287,34.7837,11.9,167411,32881,0.19640883812891627,yes,1,8,0.06875,0.03125,0.0875,0.0375,NA,0.58125,0.10625,0.0875
Mecklenburg-Vorpommern,16,Mecklenburgische Seenplatte I – Vorpommern-Greifswald II,273.3,264,9.300000000000011,3.4,2241.06,9.0189,16955,31.976100000000002,11.7,154807,35597,0.2299443823599708,yes,1,8,NA,NA,NA,NA,NA,1,NA,NA
Mecklenburg-Vorpommern,17,Mecklenburgische Seenplatte II – Landkreis Rostock III,255.6,249.6,6,2.3,2172.6,6.645600000000001,17802,26.071199999999997,10.2,142477,27389,0.1922345361005636,yes,1,8,0.005405405405405406,NA,NA,0.010810810810810811,NA,0.9837837837837838,NA,NA
Hamburg,18,Hamburg-Mitte,350.1,278.4,71.70000000000005,20.5,3921.12,99.07830000000001,23596,24.8571,7.1,174340,13950,0.08001606057129747,no,0,6,NA,NA,NA,NA,NA,1,NA,NA
Hamburg,19,Hamburg-Altona,260.3,222.8,37.5,14.4,2915.36,73.6649,23596,18.481299999999997,7.1,145076,8034,0.055377870909040776,no,0,6,NA,NA,NA,NA,NA,1,NA,NA
Hamburg,20,Hamburg-Eimsbüttel,252.9,223.2,29.700000000000017,11.7,2832.48,71.5707,23596,17.9559,7.1,155141,9120,0.058785234077387664,no,0,6,NA,NA,NA,NA,NA,1,NA,NA
Hamburg,21,Hamburg-Nord,279.8,252.9,26.900000000000006,9.6,3133.7599999999998,79.1834,23596,19.8658,7.1,177403,10919,0.06154912825600469,no,0,6,NA,NA,NA,NA,NA,1,NA,NA
Hamburg,22,Hamburg-Wandsbek,314.7,277.2,37.5,11.9,3524.64,89.0601,23596,22.3437,7.1,171156,16740,0.09780551076211176,no,0,6,NA,NA,NA,NA,NA,1,NA,NA
Hamburg,23,Hamburg-Bergedorf – Harburg,329.5,270.6,58.89999999999998,17.9,3690.3999999999996,93.2485,23596,23.394499999999997,7.1,154154,17614,0.11426236101560777,no,0,6,NA,NA,NA,NA,NA,1,NA,NA
Niedersachsen,24,Aurich – Emden,239.9,227.3,12.599999999999994,5.3,2902.79,21.111200000000004,18428,18.7122,7.8,141037,12875,0.09128810170380822,no,0,9,0.03225806451612903,0.0967741935483871,NA,0.06451612903225806,0.0967741935483871,0.7096774193548387,NA,NA
Niedersachsen,25,Unterems,314.5,285.8,28.69999999999999,9.1,4340.1,42.143,18302,15.725,5,174953,14620,0.08356530039496322,no,0,9,0.04918032786885246,0.01639344262295082,NA,0.04918032786885246,0.01639344262295082,0.7868852459016393,0.08196721311475409,NA
Niedersachsen,26,Friesland – Wilhelmshaven – Wittmund,231.1,220.4,10.699999999999989,4.6,3258.5099999999998,22.878899999999998,18657,18.9502,8.2,137585,12492,0.09079478140785696,no,0,9,NA,NA,NA,NA,0.03571428571428571,0.9642857142857143,NA,NA
Niedersachsen,27,Oldenburg – Ammerland,285.3,266.8,18.5,6.5,4850.1,39.6567,19758,17.6886,6.2,174668,12624,0.07227425744841642,no,0,9,0.18181818181818182,0.18181818181818182,0.09090909090909091,NA,NA,0.36363636363636365,0.09090909090909091,0.09090909090909091
Niedersachsen,28,Delmenhorst – Wesermarsch – Oldenburg-Land,294.2,270.4,23.80000000000001,8.1,4795.46,44.4242,20248,19.417199999999998,6.6,168818,16393,0.09710457415678422,no,0,9,0.06,0.14,0.04,0.08,0.1,0.36,0.06,0.16
Niedersachsen,29,Cuxhaven – Stade II,234.7,222.5,12.199999999999989,5.2,2863.3399999999997,25.816999999999997,20649,13.6126,5.8,140716,12652,0.08991159498564484,no,0,9,0.10989010989010989,0.14285714285714285,0.08791208791208792,0.0989010989010989,0.054945054945054944,0.2967032967032967,0.12087912087912088,0.08791208791208792
Niedersachsen,30,Stade I – Rotenburg II,252,234.4,17.599999999999994,7,3250.8,33.012,21075,13.356,5.3,151639,13479,0.08888874234200964,no,0,9,0.12564102564102564,0.06666666666666667,0.16153846153846155,0.1641025641025641,0.14102564102564102,0.023076923076923078,0.10512820512820513,0.21282051282051281
Niedersachsen,31,Mittelems,308.2,278.9,29.30000000000001,9.5,3513.48,57.9416,18813,11.0952,3.6,178827,9699,0.05423677632572262,no,0,9,NA,NA,NA,NA,NA,0.9791666666666666,NA,0.020833333333333332
Niedersachsen,32,Cloppenburg – Vechta,302.6,275.1,27.5,9.1,3540.42,71.111,20024,14.222200000000003,4.7,162519,13146,0.08088900374725416,no,0,9,0.047619047619047616,0.09523809523809523,0.07142857142857142,0.047619047619047616,0.07142857142857142,0.42857142857142855,0.11904761904761904,0.11904761904761904
Niedersachsen,33,Diepholz – Nienburg I,244.7,229.3,15.399999999999977,6.3,4086.49,32.7898,21380,11.011499999999998,4.5,147273,12433,0.08442144860225567,no,0,9,0.018691588785046728,0.056074766355140186,0.09345794392523364,0.12149532710280374,0.1588785046728972,0.3177570093457944,0.037383177570093455,0.19626168224299065
Niedersachsen,34,Osterholz – Verden,248.2,233.7,14.5,5.9,4144.94,35.4926,22019,10.9208,4.4,151790,14671,0.09665327096646682,no,0,9,0.10606060606060606,0.1590909090909091,0.05303030303030303,0.21212121212121213,0.23484848484848486,NA,0.13636363636363635,0.09848484848484848
Niedersachsen,35,Rotenburg I – Heidekreis,214.9,199.6,15.300000000000011,7.1,5608.89,27.5072,19984,12.2493,5.7,126097,11669,0.09253987010000238,no,0,9,0.15517241379310345,0.13793103448275862,0.15517241379310345,0.1896551724137931,0.08620689655172414,0.06321839080459771,0.06896551724137931,0.14367816091954022
Niedersachsen,36,Harburg,248.1,232.3,15.799999999999983,6.4,3299.73,29.0277,24050,10.4202,4.2,160858,16048,0.09976501013316093,no,0,9,0.19708029197080293,0.15328467153284672,0.1070559610705596,0.18248175182481752,0.1192214111922141,0.029197080291970802,0.11192214111922141,0.09975669099756691
Niedersachsen,37,Lüchow-Dannenberg – Lüneburg,230.8,216.5,14.300000000000011,6.2,4731.4000000000005,27.9268,19347,14.5404,6.3,140138,12495,0.08916211163281908,no,0,9,0.12056737588652482,0.06382978723404255,0.0851063829787234,0.09219858156028368,0.1276595744680851,0.3120567375886525,0.1276595744680851,0.07092198581560284
Niedersachsen,38,Osnabrück-Land,265.6,241.8,23.80000000000001,9,7171.200000000001,51.5264,21041,9.5616,3.6,150192,10939,0.0728334398636412,no,0,9,0.18309859154929578,0.14084507042253522,0.014084507042253521,0.09859154929577464,0.11267605633802817,0.28169014084507044,0.11267605633802817,0.056338028169014086
Niedersachsen,39,Stadt Osnabrück,254.9,232.4,22.5,8.8,5735.25,57.607400000000005,20468,15.8038,6.2,151006,9489,0.06283856270611764,no,0,9,0.21739130434782608,0.2608695652173913,0.043478260869565216,0.08695652173913043,0.17391304347826086,0.043478260869565216,0.13043478260869565,0.043478260869565216
Niedersachsen,40,Nienburg II – Schaumburg,246.1,230.3,15.799999999999983,6.4,2756.3199999999997,37.6533,20359,14.5199,5.9,145646,14943,0.10259808027683562,no,0,9,0.16176470588235295,0.18382352941176472,0.058823529411764705,0.07352941176470588,0.058823529411764705,0.3014705882352941,0.0661764705882353,0.09558823529411764
Niedersachsen,41,Stadt Hannover I,257.3,217,40.30000000000001,15.7,3910.96,62.0093,20136,18.5256,7.2,133867,12227,0.09133692396184273,no,0,9,0.15384615384615385,0.07692307692307693,0.15384615384615385,0.3076923076923077,0.15384615384615385,NA,0.07692307692307693,0.07692307692307693
Niedersachsen,42,Stadt Hannover II,274.9,230.9,43.99999999999997,16,4178.48,66.2509,20136,19.7928,7.2,148090,11245,0.07593355391991356,no,0,9,0.15384615384615385,0.07692307692307693,0.15384615384615385,0.3076923076923077,0.15384615384615385,NA,0.07692307692307693,0.07692307692307693
Niedersachsen,43,Hannover-Land I,303,276.1,26.899999999999977,8.9,5090.4000000000005,73.023,20136,21.816,7.2,180357,18364,0.10182027866952766,no,0,9,0.14516129032258066,0.14516129032258066,0.06451612903225806,0.22580645161290322,0.1935483870967742,NA,0.08064516129032258,0.14516129032258066
Niedersachsen,44,Celle – Uelzen,271.1,255.3,15.800000000000011,5.8,3768.2900000000004,36.327400000000004,19546,18.977000000000004,7,160978,17549,0.10901489644547702,no,0,9,0.031746031746031744,0.09523809523809523,NA,0.07936507936507936,0.07936507936507936,0.5714285714285714,0.06349206349206349,0.07936507936507936
Niedersachsen,45,Gifhorn – Peine,280.1,263.7,16.400000000000034,5.9,3053.09,48.457300000000004,20407,14.565200000000003,5.2,167610,18288,0.10911043493824951,no,0,9,0.05333333333333334,0.08,0.013333333333333334,0.09333333333333334,0.05333333333333334,0.3466666666666667,0.09333333333333334,0.26666666666666666
Niedersachsen,46,Hameln-Pyrmont – Holzminden,237.5,220.2,17.30000000000001,7.3,2517.5,37.525,20459,16.3875,6.9,138650,14052,0.10134871979805266,no,0,9,0.08333333333333333,0.041666666666666664,0.027777777777777776,0.08333333333333333,0.1111111111111111,0.5972222222222222,0.027777777777777776,0.027777777777777776
Niedersachsen,47,Hannover-Land II,309.3,283.5,25.80000000000001,8.3,4794.1500000000005,74.5413,20136,22.2696,7.2,187010,19387,0.10366825303459708,no,0,9,0.1773049645390071,0.16312056737588654,0.1276595744680851,0.1276595744680851,0.2127659574468085,NA,0.09929078014184398,0.09219858156028368
Niedersachsen,48,Hildesheim,277.1,258.1,19,6.8,3879.4000000000005,42.396300000000004,19957,18.565700000000003,6.7,168295,15695,0.09325886092872634,no,0,9,0.2857142857142857,0.061224489795918366,0.04081632653061224,0.1836734693877551,0.16326530612244897,0.14285714285714285,0.08163265306122448,0.04081632653061224
Niedersachsen,49,Salzgitter – Wolfenbüttel,265.2,243.9,21.299999999999983,8,4296.24,48.2664,19830,21.481199999999998,8.1,155710,19117,0.12277310384689487,no,0,9,0.05555555555555555,0.07407407407407407,0.05555555555555555,0.018518518518518517,NA,0.7592592592592593,0.037037037037037035,NA
Niedersachsen,50,Braunschweig,251.4,227,24.400000000000006,9.7,3192.7799999999997,53.7996,19803,15.3354,6.1,146548,12266,0.08369953871768977,no,0,9,NA,NA,NA,0.5,0.5,NA,NA,NA
Niedersachsen,51,Helmstedt – Wolfsburg,241.9,218.9,23,9.5,3362.4100000000003,52.7342,21065,14.0302,5.8,136010,14862,0.10927137710462466,no,0,9,NA,NA,0.021739130434782608,NA,NA,0.9347826086956522,0.021739130434782608,0.021739130434782608
Niedersachsen,52,Goslar – Northeim – Osterode,255.2,238.2,17,6.7,3904.56,31.6448,20180,17.098399999999998,6.7,149522,15113,0.10107542702746085,no,0,9,0.09302325581395349,0.11627906976744186,0.046511627906976744,0.13953488372093023,0.06976744186046512,0.37209302325581395,0.09302325581395349,0.06976744186046512
Niedersachsen,53,Göttingen,286.8,264.2,22.600000000000023,7.9,6539.040000000001,45.314400000000006,19554,17.208000000000002,6,169317,13443,0.07939545349846737,no,0,9,NA,0.058823529411764705,NA,NA,0.058823529411764705,0.38235294117647056,0.029411764705882353,0.47058823529411764
Bremen,54,Bremen I,352.6,302.9,49.700000000000045,14.1,3949.12,93.43900000000002,20582,34.55480000000001,9.8,185913,15716,0.08453416382931801,no,0,5,0.1111111111111111,NA,NA,0.3333333333333333,0.3333333333333333,NA,0.1111111111111111,0.1111111111111111
Bremen,55,Bremen II – Bremerhaven,318.8,266.5,52.30000000000001,16.4,6503.5199999999995,84.1632,19465,35.3868,11.1,145826,17604,0.12071921330901211,no,0,5,0.1,NA,NA,0.3,0.3,0.1,0.1,0.1
Brandenburg,56,Prignitz – Ostprignitz-Ruppin – Havelland I,209.5,203.8,5.699999999999989,2.7,2011.1999999999998,6.704000000000001,17936,18.645500000000002,8.9,118408,22185,0.1873606513073441,yes,1,4,0.12875536480686695,0.26609442060085836,0.017167381974248927,0.0944206008583691,0.2017167381974249,0.1630901287553648,0.09012875536480687,0.03862660944206009
Brandenburg,57,Uckermark – Barnim I,219.9,212.8,7.099999999999994,3.2,2726.76,9.015899999999998,18121,22.649700000000003,10.3,128039,26608,0.20781168237802544,yes,1,4,0.23076923076923078,0.16346153846153846,NA,0.057692307692307696,0.09615384615384616,0.2403846153846154,0.17307692307692307,0.038461538461538464
Brandenburg,58,Oberhavel – Havelland II,295.8,287.1,8.699999999999989,2.9,5590.62,15.085799999999999,18806,19.8186,6.7,182563,33982,0.18613848370151673,yes,1,4,0.2611464968152866,0.17197452229299362,0.08917197452229299,0.12738853503184713,0.15286624203821655,0.01910828025477707,0.10191082802547771,0.07643312101910828
Brandenburg,59,Märkisch-Oderland – Barnim II,269.3,262.1,7.199999999999989,2.7,4712.75,11.0413,18742,18.851000000000003,7,167678,34702,0.20695618984005057,yes,1,4,0.10404624277456648,0.18497109826589594,0.06358381502890173,0.2023121387283237,0.17341040462427745,0.11560693641618497,0.08670520231213873,0.06936416184971098
Brandenburg,60,Brandenburg an der Havel – Potsdam-Mittelmark I – Havelland III – Teltow-Fläming I,220.3,213.2,7.100000000000023,3.2,3326.53,10.1338,18930,15.421000000000001,7,126138,22631,0.17941460939605827,yes,1,4,0.075,NA,0.05,0.05,NA,0.8,NA,0.025
Brandenburg,61,Potsdam – Potsdam-Mittelmark II – Teltow-Fläming II,310.5,294.1,16.399999999999977,5.3,6489.45,19.5615,19217,18.63,6,193865,26133,0.13479998968354268,yes,1,4,0.11538461538461539,0.23076923076923078,NA,0.07692307692307693,0.19230769230769232,0.15384615384615385,0.038461538461538464,0.19230769230769232
Brandenburg,62,Dahme-Spreewald – Teltow-Fläming III – Oberspreewald-Lausitz I,300.9,290.2,10.699999999999989,3.6,5205.57,14.4432,19225,17.452199999999998,5.8,184910,38900,0.2103726137039641,yes,1,4,0.21348314606741572,0.12359550561797752,0.033707865168539325,0.07865168539325842,0.0898876404494382,0.3595505617977528,0.06741573033707865,0.033707865168539325
Brandenburg,63,Frankfurt (Oder) – Oder-Spree,240.5,226.1,14.400000000000006,6,5916.3,11.543999999999999,18268,19.721,8.2,137987,30475,0.22085413843333068,yes,1,4,0.14102564102564102,NA,0.11538461538461539,0.19230769230769232,0.15384615384615385,0.2692307692307692,0.07692307692307693,0.05128205128205128
Brandenburg,64,Cottbus – Spree-Neiße,217.3,209.1,8.200000000000017,3.8,1216.8799999999999,10.647700000000002,18308,19.122400000000003,8.8,130027,34902,0.2684211740638483,yes,1,4,0.14285714285714285,0.047619047619047616,NA,NA,0.14285714285714285,0.5714285714285714,NA,0.09523809523809523
Brandenburg,65,Elbe-Elster – Oberspreewald-Lausitz II,200.9,196.8,4.099999999999994,2,462.07,5.424300000000001,17818,19.2864,9.6,121144,30564,0.2522947896717955,yes,1,4,0.1347517730496454,0.15602836879432624,0.06382978723404255,0.07801418439716312,0.1347517730496454,0.2907801418439716,0.0851063829787234,0.05673758865248227
Sachsen-Anhalt,66,Altmark,201.4,194.6,6.800000000000011,3.4,1933.44,5.840599999999999,17755,19.9386,9.9,109864,18419,0.16765273428966723,yes,1,14,0.07407407407407407,0.18518518518518517,0.05555555555555555,0.05555555555555555,NA,0.6296296296296297,NA,NA
Sachsen-Anhalt,67,Börde – Jerichower Land,265.2,257.6,7.599999999999966,2.8,2439.8399999999997,7.160399999999999,19054,19.0944,7.2,148085,27947,0.18872269304791167,yes,1,14,0.041666666666666664,NA,NA,NA,0.08333333333333333,0.8333333333333334,0.041666666666666664,NA
Sachsen-Anhalt,68,Harz,257.4,248.5,8.899999999999977,3.5,3963.9599999999996,7.207199999999999,17779,19.562399999999997,7.6,141530,23859,0.16857909983749028,yes,1,14,0.04,0.04,NA,NA,0.16,0.76,NA,NA
Sachsen-Anhalt,69,Magdeburg,292.4,276.2,16.19999999999999,5.6,4532.2,18.7136,16976,29.24,10,160769,26053,0.16205238572112782,yes,1,14,0.23529411764705882,0.058823529411764705,NA,0.11764705882352941,NA,0.23529411764705882,0.29411764705882354,0.058823529411764705
Sachsen-Anhalt,70,Dessau – Wittenberg,211.4,204.4,7,3.3,1331.82,6.7648,18156,19.2374,9.1,121666,24310,0.1998093140236385,yes,1,14,0.21428571428571427,NA,NA,NA,NA,0.5,0.14285714285714285,0.14285714285714285
Sachsen-Anhalt,71,Anhalt,268.8,260.7,8.100000000000023,3,1962.24,8.8704,17535,24.7296,9.2,145518,32346,0.222281779573661,yes,1,14,NA,NA,NA,NA,NA,1,NA,NA
Sachsen-Anhalt,72,Halle,270.4,253.3,17.099999999999966,6.3,5191.679999999999,17.3056,16697,26.499200000000002,9.8,150299,26735,0.17787876166840763,yes,1,14,0.1111111111111111,NA,0.3333333333333333,NA,NA,0.2222222222222222,0.1111111111111111,0.2222222222222222
Sachsen-Anhalt,73,Burgenland – Saalekreis,231.8,222.7,9.100000000000023,3.9,1668.96,6.954000000000001,17949,20.398400000000002,8.8,129199,31780,0.24597713604594462,yes,1,14,NA,NA,NA,NA,NA,1,NA,NA
Sachsen-Anhalt,74,Mansfeld,246.7,239.7,7,2.8,1430.86,6.414199999999999,17920,25.163399999999996,10.2,137927,32982,0.23912649444996267,yes,1,14,0.04878048780487805,0.04878048780487805,NA,0.0975609756097561,NA,0.8048780487804879,NA,NA
Berlin,75,Berlin-Mitte,354.3,250,104.30000000000001,29.4,4145.3099999999995,85.3863,18594,33.3042,9.4,149420,12319,0.08244545576228082,yes,1,3,NA,0.5,NA,NA,0.5,NA,NA,NA
Berlin,76,Berlin-Pankow,314,283,31,9.9,3673.7999999999997,75.674,18594,29.516,9.4,186409,23291,0.12494568395302802,yes,1,3,NA,0.5,NA,NA,0.5,NA,NA,NA
Berlin,77,Berlin-Reinickendorf,252.1,216.7,35.400000000000006,14.1,2949.5699999999997,60.756100000000004,18594,23.697400000000002,9.4,134913,18484,0.1370068117972323,yes,1,3,NA,0.5,NA,NA,0.5,NA,NA,NA
Berlin,78,Berlin-Spandau – Charlottenburg Nord,262.4,222.2,40.19999999999999,15.3,3070.0799999999995,63.2384,18594,24.665599999999998,9.4,130658,18469,0.14135376325980806,yes,1,3,NA,0.5,NA,NA,0.5,NA,NA,NA
Berlin,79,Berlin-Steglitz-Zehlendorf,286.5,258.7,27.80000000000001,9.7,3352.0499999999997,69.04650000000001,18594,26.930999999999997,9.4,178717,15879,0.08884996950485964,yes,1,3,NA,0.5,NA,NA,0.5,NA,NA,NA
Berlin,80,Berlin-Charlottenburg-Wilmersdorf,277.7,227.2,50.5,18.2,3249.0899999999997,66.92569999999999,18594,26.1038,9.4,156816,12418,0.07918834812774207,yes,1,3,NA,0.5,NA,NA,0.5,NA,NA,NA
Berlin,81,Berlin-Tempelhof-Schöneberg,333.7,279.2,54.5,16.3,3904.2899999999995,80.4217,18594,31.367800000000003,9.4,179097,17122,0.09560182470951495,yes,1,3,NA,0.5,NA,NA,0.5,NA,NA,NA
Berlin,82,Berlin-Neukölln,318.7,246.2,72.5,22.7,3728.7899999999995,76.8067,18594,29.957800000000002,9.4,140810,15666,0.11125630281940203,yes,1,3,NA,0.5,NA,NA,0.5,NA,NA,NA
Berlin,83,Berlin-Friedrichshain-Kreuzberg – Prenzlauer Berg Ost,339.8,273.3,66.5,19.6,3975.66,81.89180000000002,18594,31.941200000000002,9.4,171840,10865,0.0632274208566108,yes,1,3,NA,0.5,NA,NA,0.5,NA,NA,NA
Berlin,84,Berlin-Treptow-Köpenick,251.2,237.1,14.099999999999994,5.6,2939.0399999999995,60.5392,18594,23.612800000000004,9.4,155337,26259,0.16904536588192123,yes,1,3,NA,0.5,NA,NA,0.5,NA,NA,NA
Berlin,85,Berlin-Marzahn-Hellersdorf,256.3,239.4,16.900000000000006,6.6,2998.71,61.76830000000001,18594,24.092200000000002,9.4,136924,29600,0.21617831789898045,yes,1,3,NA,0.5,NA,NA,0.5,NA,NA,NA
Berlin,86,Berlin-Lichtenberg,273.3,241.4,31.900000000000006,11.7,3197.61,65.8653,18594,25.6902,9.4,146900,24585,0.16735874744724302,yes,1,3,NA,0.5,NA,NA,0.5,NA,NA,NA
Nordrhein-Westfalen,87,Aachen I,245.9,207.3,38.599999999999994,15.7,2606.54,60.491400000000006,19652,20.1638,8.2,139784,8269,0.059155554283752076,no,0,10,0.1,0.1,0.1,0.2,0.2,NA,0.1,0.2
Nordrhein-Westfalen,88,Aachen II,308,274.4,33.60000000000002,10.9,4589.2,75.768,19652,25.256,8.2,171601,14848,0.08652630229427567,no,0,10,0.15384615384615385,0.15384615384615385,0.11965811965811966,0.1623931623931624,0.11965811965811966,0.008547008547008548,0.15384615384615385,0.1282051282051282
Nordrhein-Westfalen,89,Heinsberg,252.5,225.4,27.099999999999994,10.8,3939,52.015,18979,15.15,6,140891,12312,0.08738670319608775,no,0,10,0.19607843137254902,0.0392156862745098,0.11764705882352941,0.11764705882352941,0.27450980392156865,0.0196078431372549,0.17647058823529413,0.058823529411764705
Nordrhein-Westfalen,90,Düren,262.8,237.4,25.400000000000006,9.7,4651.56,50.19480000000001,20228,18.9216,7.2,150136,14432,0.09612617893110247,no,0,10,0.20618556701030927,0.1958762886597938,0.14432989690721648,0.18556701030927836,0.17525773195876287,NA,0.041237113402061855,0.05154639175257732
Nordrhein-Westfalen,91,Rhein-Erft-Kreis I,336.1,297.2,38.900000000000034,11.6,5680.09,73.94200000000001,21542,23.8631,7.1,189879,18091,0.09527646553857984,no,0,10,0.14953271028037382,0.1308411214953271,0.08878504672897196,0.09345794392523364,0.09345794392523364,NA,0.3598130841121495,0.08411214953271028
Nordrhein-Westfalen,92,Euskirchen – Rhein-Erft-Kreis II,321.7,293.4,28.30000000000001,8.8,5758.429999999999,59.5145,21000,19.9454,6.2,186199,18324,0.0984108400152525,no,0,10,0.11904761904761904,0.11904761904761904,0.10317460317460317,0.18253968253968253,0.19047619047619047,0.015873015873015872,0.1349206349206349,0.1349206349206349
Nordrhein-Westfalen,93,Köln I,291.4,228.8,62.599999999999966,21.4,2943.14,94.12219999999999,20799,24.768999999999995,8.5,138631,12282,0.08859490301591996,no,0,10,0.24444444444444444,0.15555555555555556,0.15555555555555556,0.08888888888888889,0.1111111111111111,NA,0.08888888888888889,0.15555555555555556
Nordrhein-Westfalen,94,Köln II,316.9,275.1,41.799999999999955,13.3,3200.6899999999996,102.35869999999998,20799,26.936499999999995,8.5,197078,9964,0.05055866205258831,no,0,10,0.24444444444444444,0.15555555555555556,0.15555555555555556,0.08888888888888889,0.1111111111111111,NA,0.08888888888888889,0.15555555555555556
Nordrhein-Westfalen,95,Köln III,304.5,245.3,59.19999999999999,19.4,3075.45,98.35349999999998,20799,25.8825,8.5,149523,11731,0.0784561572467112,no,0,10,0.24444444444444444,0.15555555555555556,0.15555555555555556,0.08888888888888889,0.1111111111111111,NA,0.08888888888888889,0.15555555555555556
Nordrhein-Westfalen,96,Bonn,318.8,272.2,46.60000000000002,14.6,4240.04,98.82800000000002,23005,21.3596,6.7,179207,13130,0.07326722728464848,no,0,10,0.08333333333333333,0.08333333333333333,0.2222222222222222,0.2222222222222222,0.05555555555555555,NA,0.19444444444444445,0.1388888888888889
Nordrhein-Westfalen,97,Rhein-Sieg-Kreis I,312.8,282.4,30.400000000000034,9.7,5348.880000000001,69.12880000000001,22669,16.265600000000003,5.2,182749,18238,0.09979808371044438,no,0,10,0.1638418079096045,0.15819209039548024,0.13559322033898305,0.11299435028248588,0.15254237288135594,0.005649717514124294,0.0903954802259887,0.1807909604519774
Nordrhein-Westfalen,98,Rhein-Sieg-Kreis II,283.4,258,25.399999999999977,8.9,5781.359999999999,62.631400000000006,22669,14.736799999999999,5.2,173161,15225,0.08792395516311409,no,0,10,0.17061611374407584,0.15639810426540285,0.0947867298578199,0.18009478672985782,0.16587677725118483,NA,0.09004739336492891,0.14218009478672985
Nordrhein-Westfalen,99,Oberbergischer Kreis,273.5,249.6,23.900000000000006,8.7,3664.9,73.5715,22192,15.0425,5.5,155033,16409,0.1058419820296324,no,0,10,0.20618556701030927,0.17525773195876287,0.08247422680412371,0.12371134020618557,0.13402061855670103,NA,0.07216494845360824,0.20618556701030927
Nordrhein-Westfalen,100,Rheinisch-Bergischer Kreis,282.7,258.4,24.30000000000001,8.6,4014.3399999999997,53.99570000000001,24567,17.8101,6.3,172947,13814,0.07987418110750692,no,0,10,0.17567567567567569,0.16891891891891891,0.12162162162162163,0.08108108108108109,0.13513513513513514,NA,0.13513513513513514,0.18243243243243243
Nordrhein-Westfalen,101,Leverkusen – Köln IV,311.3,257.2,54.10000000000002,17.4,3735.6000000000004,100.2386,20442,26.460500000000003,8.5,153667,14984,0.09750954987082458,no,0,10,0.30434782608695654,0.14492753623188406,0.13043478260869565,0.11594202898550725,0.10144927536231885,NA,0.10144927536231885,0.10144927536231885
Nordrhein-Westfalen,102,Wuppertal I,308.6,252.8,55.80000000000001,18,4567.280000000001,98.13480000000001,20746,29.6256,9.6,148559,16434,0.11062271555408962,no,0,10,NA,NA,NA,1,NA,NA,NA,NA
Nordrhein-Westfalen,103,Solingen – Remscheid – Wuppertal II,309.6,266.1,43.5,14.1,4024.8,91.95120000000001,22492,27.554400000000005,8.9,162468,16221,0.09984119949774725,no,0,10,0.14285714285714285,NA,0.07142857142857142,0.2857142857142857,0.07142857142857142,NA,0.21428571428571427,0.21428571428571427
Nordrhein-Westfalen,104,Mettmann I,266.9,239.4,27.49999999999997,10.3,3736.5999999999995,65.12359999999998,24519,17.081599999999998,6.4,159165,15053,0.09457481230169949,no,0,10,0.16477272727272727,0.125,0.10795454545454546,0.14772727272727273,0.1590909090909091,NA,0.1875,0.10795454545454546
Nordrhein-Westfalen,105,Mettmann II,216.4,190.8,25.599999999999994,11.8,3570.6,52.8016,24519,13.8496,6.4,124443,11926,0.09583504094243951,no,0,10,0.1896551724137931,0.10344827586206896,0.1896551724137931,0.20689655172413793,0.08620689655172414,NA,0.1206896551724138,0.10344827586206896
Nordrhein-Westfalen,106,Düsseldorf I,324,263,61,18.8,3628.7999999999997,106.596,24128,24.948,7.7,171910,12029,0.06997266011284975,no,0,10,0.16666666666666666,NA,0.16666666666666666,0.3333333333333333,NA,NA,0.3333333333333333,NA
Nordrhein-Westfalen,107,Düsseldorf II,288.2,234.6,53.599999999999994,18.6,3227.8399999999997,94.81779999999999,24128,22.191399999999998,7.7,142546,12968,0.09097414168058031,no,0,10,0.16666666666666666,NA,0.16666666666666666,0.3333333333333333,NA,NA,0.3333333333333333,NA
Nordrhein-Westfalen,108,Neuss I,295.7,257.7,38,12.8,5854.86,68.011,23689,16.8549,5.7,158773,14893,0.09380058322258822,no,0,10,0.0851063829787234,0.1276595744680851,0.1276595744680851,0.06382978723404255,0.11702127659574468,NA,0.2978723404255319,0.18085106382978725
Nordrhein-Westfalen,109,Mönchengladbach,260,225.9,34.099999999999994,13.1,3848,67.08,20705,25.74,9.9,130836,12373,0.09456877312054786,no,0,10,0.42857142857142855,NA,0.14285714285714285,0.14285714285714285,NA,NA,0.2857142857142857,NA
Nordrhein-Westfalen,110,Krefeld I – Neuss II,269.4,239.9,29.49999999999997,10.9,4229.579999999999,67.88879999999999,22513,21.013199999999998,7.8,154179,12104,0.07850615194027721,no,0,10,0.19791666666666666,0.08333333333333333,0.15625,0.1875,0.14583333333333334,NA,0.0625,0.16666666666666666
Nordrhein-Westfalen,111,Viersen,297.7,271.5,26.19999999999999,8.8,3602.1699999999996,50.0136,21988,19.945899999999998,6.7,172016,12841,0.07465003255511116,no,0,10,0.1686746987951807,0.26506024096385544,0.12048192771084337,0.08433734939759036,0.0963855421686747,0.012048192771084338,0.10843373493975904,0.14457831325301204
Nordrhein-Westfalen,112,Kleve,310.3,269.1,41.19999999999999,13.3,6609.39,56.78490000000001,19649,19.8592,6.4,167653,11621,0.06931578915975259,no,0,10,0.16853932584269662,0.25842696629213485,0.16853932584269662,0.1348314606741573,0.12359550561797752,0.02247191011235955,0.07865168539325842,0.0449438202247191
Nordrhein-Westfalen,113,Wesel I,263.5,244.3,19.19999999999999,7.3,4268.7,50.065,20936,18.7085,7.1,159095,14325,0.09004054181463905,no,0,10,0.22935779816513763,0.12844036697247707,0.08256880733944955,0.14678899082568808,0.13761467889908258,NA,0.13761467889908258,0.13761467889908258
Nordrhein-Westfalen,114,Krefeld II – Wesel II,241.8,212.7,29.100000000000023,12.1,3892.9800000000005,56.0976,20940,21.0366,8.7,132412,12172,0.09192520315379271,no,0,10,0.3333333333333333,0.1388888888888889,0.16666666666666666,0.1388888888888889,0.05555555555555555,NA,0.027777777777777776,0.1388888888888889
Nordrhein-Westfalen,115,Duisburg I,243,203.7,39.30000000000001,16.3,3353.4,75.81599999999999,16761,31.833,13.1,119621,13549,0.11326606532297841,no,0,10,0.06666666666666667,NA,NA,0.13333333333333333,0.2,NA,0.2,0.4
Nordrhein-Westfalen,116,Duisburg II,248.2,200,48.19999999999999,19.3,3425.16,77.43839999999999,16761,32.514199999999995,13.1,101888,15719,0.15427724560301506,no,0,10,0.06666666666666667,NA,NA,0.13333333333333333,0.2,NA,0.2,0.4
Nordrhein-Westfalen,117,Oberhausen – Wesel III,278.4,245.1,33.29999999999998,12,3145.92,62.36159999999999,18676,27.84,10,148852,18559,0.12468089108644828,no,0,10,0.20754716981132076,0.1320754716981132,0.18867924528301888,0.11320754716981132,0.11320754716981132,NA,0.05660377358490566,0.18867924528301888
Nordrhein-Westfalen,118,Mülheim – Essen I,252.4,221.9,30.5,12.1,4442.240000000001,60.3236,21940,23.7256,9.4,141660,16200,0.11435832274459974,no,0,10,0.06060606060606061,0.12121212121212122,0.15151515151515152,0.18181818181818182,0.12121212121212122,NA,0.12121212121212122,0.24242424242424243
Nordrhein-Westfalen,119,Essen II,246.2,200.5,45.69999999999999,18.5,4530.079999999999,60.318999999999996,20046,29.2978,11.9,109215,16339,0.14960399212562378,no,0,10,0.037037037037037035,0.14814814814814814,0.14814814814814814,0.18518518518518517,0.1111111111111111,NA,0.1111111111111111,0.25925925925925924
Nordrhein-Westfalen,120,Essen III,253.3,226.7,26.600000000000023,10.6,4660.72,62.0585,20046,30.142700000000005,11.9,152409,12735,0.08355805759502391,no,0,10,0.037037037037037035,0.14814814814814814,0.14814814814814814,0.18518518518518517,0.1111111111111111,NA,0.1111111111111111,0.25925925925925924
Nordrhein-Westfalen,121,Recklinghausen I,217.9,197.2,20.700000000000017,9.5,2331.5299999999997,43.797900000000006,19382,22.879500000000004,10.5,122884,14776,0.12024348165749812,no,0,10,0.12244897959183673,0.08163265306122448,0.12244897959183673,0.16326530612244897,0.2653061224489796,NA,0.14285714285714285,0.10204081632653061
Nordrhein-Westfalen,122,Recklinghausen II,249,224.2,24.80000000000001,10,3137.4,50.04900000000001,19382,26.145,10.5,139515,17386,0.12461742464967925,no,0,10,0.21311475409836064,0.06557377049180328,0.11475409836065574,0.16393442622950818,0.06557377049180328,NA,0.26229508196721313,0.11475409836065574
Nordrhein-Westfalen,123,Gelsenkirchen,260.4,216.1,44.29999999999998,17,3619.56,76.5576,16135,36.71639999999999,14.1,118066,20113,0.17035386986939507,no,0,10,NA,NA,NA,NA,NA,NA,1,NA
Nordrhein-Westfalen,124,Steinfurt I – Borken I,272.2,245.2,27,9.9,3565.8199999999997,42.4632,20497,11.9768,4.4,153570,9718,0.06328058865663867,no,0,10,0.0975609756097561,0.12195121951219512,0.07317073170731707,0.14634146341463414,0.0975609756097561,0.12195121951219512,0.21951219512195122,0.12195121951219512
Nordrhein-Westfalen,125,Bottrop – Recklinghausen III,268,242.8,25.19999999999999,9.4,3644.7999999999997,57.62,19296,25.46,9.5,150528,18719,0.12435560161564625,no,0,10,0.10526315789473684,0.15789473684210525,0.10526315789473684,0.21052631578947367,0.21052631578947367,NA,0.15789473684210525,0.05263157894736842
Nordrhein-Westfalen,126,Borken II,260.3,242.4,17.900000000000006,6.9,3383.9,38.2641,20527,10.1517,3.9,157053,9401,0.05985877378973977,no,0,10,0.11764705882352941,0.0784313725490196,0.13725490196078433,0.21568627450980393,0.058823529411764705,0.058823529411764705,0.19607843137254902,0.13725490196078433
Nordrhein-Westfalen,127,Coesfeld – Steinfurt II,244.8,231.2,13.600000000000023,5.6,2986.56,29.131200000000003,21996,8.0784,3.3,155826,9506,0.06100394029237739,no,0,10,0.23809523809523808,0.10884353741496598,0.09523809523809523,0.12244897959183673,0.09523809523809523,0.006802721088435374,0.14965986394557823,0.1836734693877551
Nordrhein-Westfalen,128,Steinfurt III,254.1,234.8,19.299999999999983,7.6,4091.01,41.1642,20477,12.196799999999998,4.8,151387,10341,0.06830837522376426,no,0,10,0.0784313725490196,0.11764705882352941,0.058823529411764705,0.09803921568627451,0.23529411764705882,0.13725490196078433,0.1568627450980392,0.11764705882352941
Nordrhein-Westfalen,129,Münster,310,280.7,29.30000000000001,9.5,7099,63.24,22127,17.05,5.5,190122,9392,0.04939985903788094,no,0,10,0.25,0.125,0.0625,0.125,NA,NA,0.25,0.1875
Nordrhein-Westfalen,130,Warendorf,277.4,252.9,24.49999999999997,8.9,4271.96,58.531400000000005,22079,15.811799999999998,5.7,162139,12024,0.07415859231893622,no,0,10,0.12,0.12,0.18,0.16,0.12,0.06,0.18,0.06
Nordrhein-Westfalen,131,Gütersloh I,322.1,284.4,37.700000000000045,11.7,5507.910000000001,86.3228,23294,15.138700000000002,4.7,175031,15082,0.08616759316921002,no,0,10,0.09090909090909091,0.13636363636363635,0.09090909090909091,0.09090909090909091,0.09090909090909091,0.3181818181818182,0.09090909090909091,0.09090909090909091
Nordrhein-Westfalen,132,Bielefeld – Gütersloh II,344.5,299.9,44.60000000000002,12.9,3617.25,112.65150000000001,21228,29.627,8.6,184603,16478,0.08926182131384647,no,0,10,NA,NA,NA,0.5,NA,0.5,NA,NA
Nordrhein-Westfalen,133,Herford – Minden-Lübbecke II,301.1,275.9,25.200000000000045,8.4,4486.39,77.3827,22131,17.1627,5.7,167031,18097,0.10834515748573618,no,0,10,0.16666666666666666,NA,NA,0.16666666666666666,NA,0.6666666666666666,NA,NA
Nordrhein-Westfalen,134,Minden-Lübbecke I,264.1,246.5,17.600000000000023,6.7,3908.6800000000007,63.1199,21652,13.997300000000001,5.3,149668,15825,0.10573402464120586,no,0,10,0.07142857142857142,NA,NA,0.21428571428571427,0.07142857142857142,0.5714285714285714,0.07142857142857142,NA
Nordrhein-Westfalen,135,Lippe I,221.4,204.2,17.200000000000017,7.8,4760.1,58.006800000000005,22582,15.2766,6.9,127537,14147,0.11092467284003858,no,0,10,0.125,0.16666666666666666,0.041666666666666664,0.20833333333333334,0.20833333333333334,0.20833333333333334,0.041666666666666664,NA
Nordrhein-Westfalen,136,Höxter – Lippe II,273.4,254.8,18.599999999999966,6.8,3909.62,59.054399999999994,21226,16.1306,5.9,158102,15192,0.09608986603585028,no,0,10,0.12,0.04,NA,0.12,0.12,0.44,0.04,0.12
Nordrhein-Westfalen,137,Paderborn – Gütersloh III,331.4,303.9,27.5,8.3,5567.5199999999995,93.1234,20240,19.2212,5.8,185897,18483,0.09942602624033739,no,0,10,0.13636363636363635,0.13636363636363635,0.09090909090909091,0.045454545454545456,0.09090909090909091,0.3181818181818182,0.13636363636363635,0.045454545454545456
Nordrhein-Westfalen,138,Hagen – Ennepe-Ruhr-Kreis I,287.6,246.8,40.80000000000001,14.2,4572.84,81.1032,21467,27.034400000000005,9.4,148785,17622,0.11843935880633129,no,0,10,0.3125,0.075,0.075,0.175,0.15,NA,0.1125,0.1
Nordrhein-Westfalen,139,Ennepe-Ruhr-Kreis II,227.4,207.7,19.700000000000017,8.6,3229.08,44.57040000000001,24236,14.781,6.5,136424,13190,0.09668386794112473,no,0,10,0.28735632183908044,0.1724137931034483,0.13793103448275862,0.11494252873563218,0.12643678160919541,NA,0.11494252873563218,0.04597701149425287
Nordrhein-Westfalen,140,Bochum I,276.2,244.7,31.5,11.3,3286.7799999999997,64.907,19422,27.3438,9.9,155734,15189,0.09753168864859312,no,0,10,0.3333333333333333,NA,0.1111111111111111,0.1111111111111111,0.1111111111111111,NA,NA,0.3333333333333333
Nordrhein-Westfalen,141,Herne – Bochum II,244.4,214,30.400000000000006,12.5,3128.32,63.7884,18311,28.105999999999998,11.5,126558,16994,0.13427835458841006,no,0,10,0.27586206896551724,0.034482758620689655,0.13793103448275862,0.1724137931034483,0.06896551724137931,NA,0.034482758620689655,0.27586206896551724
Nordrhein-Westfalen,142,Dortmund I,283.8,248.1,35.70000000000002,12.7,3150.18,82.0182,18206,32.637,11.5,154923,15197,0.09809389180431569,no,0,10,0.125,0.15625,0.28125,0.03125,0.03125,NA,0.09375,0.28125
Nordrhein-Westfalen,143,Dortmund II,302.4,246.1,56.29999999999998,18.5,3356.6399999999994,87.39359999999999,18206,34.775999999999996,11.5,142416,15510,0.10890630266262218,no,0,10,0.125,0.15625,0.28125,0.03125,0.03125,NA,0.09375,0.28125
Nordrhein-Westfalen,144,Unna I,253.6,232,21.599999999999994,8.5,3017.84,58.83519999999999,20283,20.7952,8.2,149581,14690,0.09820766006377815,no,0,10,0.19047619047619047,0.1111111111111111,0.1111111111111111,0.11904761904761904,0.0873015873015873,NA,0.16666666666666666,0.21428571428571427
Nordrhein-Westfalen,145,Hamm – Unna II,321.8,283.7,38.10000000000002,11.8,6242.92,85.277,18884,28.640200000000004,8.9,169703,19067,0.1123551145236089,no,0,10,0.13513513513513514,0.0945945945945946,0.13513513513513514,0.04054054054054054,0.17567567567567569,NA,0.28378378378378377,0.13513513513513514
Nordrhein-Westfalen,146,Soest,303,275.9,27.100000000000023,8.9,7605.3,61.812,21376,18.18,6,173076,16165,0.09339827590191592,no,0,10,0.2571428571428571,0.17142857142857143,0.05714285714285714,0.14285714285714285,0.17142857142857143,0.17142857142857143,NA,0.02857142857142857
Nordrhein-Westfalen,147,Hochsauerlandkreis,263.8,242.7,21.100000000000023,8,3376.6400000000003,45.901199999999996,22750,12.6624,4.8,152814,12216,0.07994031960422475,no,0,10,NA,NA,NA,0.04,0.08,0.24,0.12,0.52
Nordrhein-Westfalen,148,Siegen-Wittgenstein,280.8,253.3,27.5,9.8,5700.240000000001,56.721599999999995,23366,15.163200000000002,5.4,160964,17160,0.10660768867572873,no,0,10,0.11764705882352941,0.058823529411764705,0.11764705882352941,0.11764705882352941,0.058823529411764705,0.4117647058823529,NA,0.11764705882352941
Nordrhein-Westfalen,149,Olpe – Märkischer Kreis I,280.6,250,30.600000000000023,10.9,3142.7200000000003,64.8186,25863,15.433000000000002,5.5,151288,13847,0.09152741790492307,no,0,10,0.11428571428571428,0.05714285714285714,NA,0.2,0.2,0.14285714285714285,0.11428571428571428,0.17142857142857143
Nordrhein-Westfalen,150,Märkischer Kreis II,272,241,31,11.4,2312,76.16,24680,18.224,6.7,144207,16682,0.11568093088407637,no,0,10,0.11538461538461539,0.11538461538461539,0.038461538461538464,0.19230769230769232,0.07692307692307693,0.15384615384615385,0.2692307692307692,0.038461538461538464
Sachsen,151,Nordsachsen,197.6,192.1,5.5,2.8,1679.6,5.3351999999999995,18348,16.598399999999998,8.4,116556,31302,0.26855760321218985,yes,1,13,NA,NA,NA,NA,NA,1,NA,NA
Sachsen,152,Leipzig I,275.2,254.8,20.399999999999977,7.4,7540.48,22.2912,16542,22.841600000000003,8.3,159937,33289,0.20813820441798958,yes,1,13,NA,NA,NA,NA,NA,1,NA,NA
Sachsen,153,Leipzig II,285.2,263.7,21.5,7.5,7814.48,23.1012,16542,23.6716,8.3,173798,27769,0.15977744277839792,yes,1,13,NA,NA,NA,NA,NA,1,NA,NA
Sachsen,154,Leipzig-Land,258.4,253.1,5.299999999999983,2,2248.0799999999995,7.235199999999999,19319,17.054399999999998,6.6,159392,42824,0.26867094960851234,yes,1,13,NA,NA,NA,NA,NA,0.96875,NA,0.03125
Sachsen,155,Meißen,245.2,238.6,6.599999999999994,2.7,2697.2,8.0916,19013,17.6544,7.2,150919,49618,0.3287723878371842,yes,1,13,0.03125,0.0625,NA,0.0625,NA,0.75,0.0625,0.03125
Sachsen,156,Bautzen I,259.3,254.1,5.200000000000017,2,1063.1299999999999,8.297600000000001,18623,17.8917,6.9,158833,52040,0.3276397222239711,yes,1,13,NA,NA,NA,NA,NA,1,NA,NA
Sachsen,157,Görlitz,260,251,9,3.5,1950,11.7,17483,26.52,10.2,153713,50553,0.3288791448999109,yes,1,13,NA,0.017543859649122806,0.017543859649122806,0.03508771929824561,0.05263157894736842,0.8421052631578947,0.03508771929824561,NA
Sachsen,158,Sächsische Schweiz-Osterzgebirge,247.4,240.8,6.599999999999994,2.7,2894.58,7.174600000000001,18735,15.8336,6.4,154371,54746,0.3546391485447396,yes,1,13,0.023255813953488372,0.046511627906976744,0.023255813953488372,0.023255813953488372,0.06976744186046512,0.7209302325581395,0.023255813953488372,0.06976744186046512
Sachsen,159,Dresden I,294.4,274.2,20.19999999999999,6.8,3621.12,21.4912,17638,20.902399999999997,7.1,181068,41796,0.23083040625621312,yes,1,13,NA,NA,NA,NA,NA,1,NA,NA
Sachsen,160,Dresden II – Bautzen II,296.4,284.8,11.599999999999966,4,3319.6799999999994,19.562399999999997,17797,20.747999999999998,7,185136,43119,0.23290445942442312,yes,1,13,NA,NA,NA,NA,NA,1,NA,NA
Sachsen,161,Mittelsachsen,246.8,239,7.800000000000011,3.2,1801.64,6.4168,18604,16.042,6.5,148887,46521,0.31245844163694614,yes,1,13,NA,NA,NA,NA,NA,1,NA,NA
Sachsen,162,Chemnitz,248.6,231.5,17.099999999999994,6.9,6140.42,16.159,18611,20.385199999999998,8.2,145888,35456,0.243035753454705,yes,1,13,1,NA,NA,NA,NA,NA,NA,NA
Sachsen,163,Chemnitzer Umland – Erzgebirgskreis II,219.2,216.5,2.6999999999999886,1.2,745.28,5.48,18445,14.0288,6.4,137168,36741,0.2678540184299545,yes,1,13,NA,0.075,NA,NA,0.025,0.9,NA,NA
Sachsen,164,Erzgebirgskreis I,267.5,261.6,5.899999999999977,2.2,26.75,4.815,18124,16.585,6.2,163962,47948,0.29243361266634954,yes,1,13,NA,0.020833333333333332,NA,NA,NA,0.9791666666666666,NA,NA
Sachsen,165,Zwickau,251.1,243.7,7.400000000000006,3,1707.48,7.7841,18656,16.0704,6.4,148817,38955,0.26176444895408457,yes,1,13,NA,NA,NA,NA,NA,1,NA,NA
Sachsen,166,Vogtlandkreis,232.3,226.4,5.900000000000006,2.5,1835.17,8.130500000000001,18566,15.564100000000002,6.7,140831,37218,0.2642742009926792,yes,1,13,NA,NA,NA,NA,0.05128205128205128,0.9487179487179487,NA,NA
Hessen,167,Waldeck,235,219.9,15.099999999999994,6.5,3783.5000000000005,37.365,21290,10.34,4.4,140730,16410,0.11660626732040076,no,0,7,NA,0.06060606060606061,NA,0.030303030303030304,NA,0.8787878787878788,NA,0.030303030303030304
Hessen,168,Kassel,299.3,263.2,36.10000000000002,12,4459.570000000001,73.9271,19633,21.8489,7.3,165395,17286,0.10451343752834125,no,0,7,0.22727272727272727,0.09090909090909091,0.045454545454545456,0.36363636363636365,NA,0.2727272727272727,NA,NA
Hessen,169,Werra-Meißner – Hersfeld-Rotenburg,221.9,207.2,14.700000000000017,6.6,3727.92,31.066,19842,11.538800000000002,5.2,131063,17173,0.13102858930438033,no,0,7,0.047619047619047616,0.023809523809523808,NA,NA,0.09523809523809523,0.7380952380952381,0.047619047619047616,0.047619047619047616
Hessen,170,Schwalm-Eder,237.4,224,13.400000000000006,5.7,2350.26,34.8978,20606,11.395199999999999,4.8,143054,18504,0.12934975603618215,no,0,7,0.07317073170731707,NA,0.024390243902439025,NA,0.04878048780487805,0.8292682926829268,NA,0.024390243902439025
Hessen,171,Marburg,245.2,220.8,24.399999999999977,10,4143.879999999999,46.3428,19718,9.808,4,140784,16127,0.11455136947380384,no,0,7,0.043478260869565216,0.08695652173913043,0.13043478260869565,NA,NA,0.6956521739130435,0.043478260869565216,NA
Hessen,172,Lahn-Dill,275.4,250.9,24.49999999999997,8.9,2919.24,61.13879999999999,21649,15.422399999999998,5.6,152795,20930,0.13698092215059393,no,0,7,0.13333333333333333,0.06666666666666667,NA,0.06666666666666667,0.03333333333333333,0.6333333333333333,0.03333333333333333,0.03333333333333333
Hessen,173,Gießen,286.5,258.1,28.399999999999977,9.9,3352.0499999999997,63.603,19880,16.617,5.8,164311,20357,0.12389310514816415,no,0,7,0.13636363636363635,0.11363636363636363,0.06818181818181818,0.1590909090909091,0.045454545454545456,0.3409090909090909,0.06818181818181818,0.06818181818181818
Hessen,174,Fulda,271,251.9,19.099999999999994,7,4607,43.36,20727,9.214,3.4,158626,25134,0.1584481736915764,no,0,7,0.030303030303030304,NA,NA,0.030303030303030304,0.06060606060606061,0.8787878787878788,NA,NA
Hessen,175,Main-Kinzig – Wetterau II – Schotten,232.2,212.3,19.899999999999977,8.6,2879.2799999999997,52.245,21761,10.681199999999999,4.6,136022,20921,0.1538060019702695,no,0,7,0.12222222222222222,0.2111111111111111,0.044444444444444446,0.1111111111111111,0.15555555555555556,0.12222222222222222,0.08888888888888889,0.14444444444444443
Hessen,176,Hochtaunus,250.3,218.9,31.400000000000006,12.5,3579.2900000000004,57.3187,27206,10.012,4,144609,16132,0.11155598890802094,no,0,7,0.19090909090909092,0.13636363636363635,0.11818181818181818,0.13636363636363635,0.13636363636363635,0.03636363636363636,0.15454545454545454,0.09090909090909091
Hessen,177,Wetterau I,237.7,211,26.69999999999999,11.2,4135.98,45.4007,22008,10.696499999999999,4.5,137220,15895,0.11583588398192683,no,0,7,0.19736842105263158,0.13157894736842105,0.06578947368421052,0.18421052631578946,0.1513157894736842,0.019736842105263157,0.125,0.125
Hessen,178,Rheingau-Taunus – Limburg,294,262.7,31.30000000000001,10.6,3351.6,52.332,22673,14.112,4.8,171621,20364,0.11865680773331935,no,0,7,0.2018348623853211,0.1559633027522936,0.11926605504587157,0.1926605504587156,0.07339449541284404,0.045871559633027525,0.14678899082568808,0.06422018348623854
Hessen,179,Wiesbaden,276.2,227.9,48.29999999999998,17.5,745.74,93.3556,22243,20.162599999999998,7.3,138226,15496,0.11210626076136183,no,0,7,NA,NA,0.5,0.25,NA,NA,0.25,NA
Hessen,180,Hanau,254.2,213.2,41,16.1,3507.96,62.533199999999994,21744,11.9474,4.7,132320,18625,0.14075725513905682,no,0,7,0.2196969696969697,0.15151515151515152,0.10606060606060606,0.1590909090909091,0.12878787878787878,0.015151515151515152,0.06060606060606061,0.1590909090909091
Hessen,181,Main-Taunus,278,237.2,40.80000000000001,14.7,3753,71.446,26355,10.563999999999998,3.8,158860,16395,0.1032040790633262,no,0,7,0.20603015075376885,0.16080402010050251,0.07035175879396985,0.1507537688442211,0.1658291457286432,NA,0.19095477386934673,0.05527638190954774
Hessen,182,Frankfurt am Main I,365.1,250,115.10000000000002,31.4,5987.639999999999,161.37420000000003,20555,22.636200000000002,6.2,143049,13329,0.09317786213115785,no,0,7,0.28888888888888886,0.08888888888888889,0.1111111111111111,0.1111111111111111,0.06666666666666667,NA,0.1111111111111111,0.2222222222222222
Hessen,183,Frankfurt am Main II,367.6,277.4,90.20000000000005,24.6,6028.639999999999,162.47920000000002,20555,22.791200000000003,6.2,170775,13737,0.08043917435221783,no,0,7,0.28888888888888886,0.08888888888888889,0.1111111111111111,0.1111111111111111,0.06666666666666667,NA,0.1111111111111111,0.2222222222222222
Hessen,184,Groß-Gerau,266,213.4,52.599999999999994,19.8,5054,85.38600000000001,20066,15.427999999999999,5.8,131180,15943,0.12153529501448392,no,0,7,0.25210084033613445,0.16806722689075632,0.05042016806722689,0.1092436974789916,0.15966386554621848,0.008403361344537815,0.11764705882352941,0.13445378151260504
Hessen,185,Offenbach,355.2,267.8,87.39999999999998,24.6,6251.52,130.71359999999999,20901,23.443199999999997,6.6,161293,19051,0.11811423930362756,no,0,7,0.19724770642201836,0.12844036697247707,0.1743119266055046,0.13302752293577982,0.0871559633027523,NA,0.1743119266055046,0.10550458715596331
Hessen,186,Darmstadt,341.8,289.7,52.10000000000002,15.2,6425.84,91.9442,22135,17.773600000000002,5.2,190532,18685,0.0980675162177482,no,0,7,0.20212765957446807,0.10638297872340426,0.0851063829787234,0.1702127659574468,0.13829787234042554,0.0425531914893617,0.1276595744680851,0.1276595744680851
Hessen,187,Odenwald,319.2,279.7,39.5,12.4,5266.8,80.1192,22034,15.640800000000002,4.9,182234,22259,0.12214515403272715,no,0,7,0.1326530612244898,0.061224489795918366,0.09183673469387756,0.15306122448979592,0.09183673469387756,0.15306122448979592,0.20408163265306123,0.11224489795918367
Hessen,188,Bergstraße,266.9,236.1,30.799999999999983,11.5,3950.12,48.57579999999999,22341,10.142199999999999,3.8,154080,19931,0.1293548805815161,no,0,7,0.11688311688311688,0.18181818181818182,0.05194805194805195,0.2077922077922078,0.16883116883116883,0.14285714285714285,0.07792207792207792,0.05194805194805195
Thüringen,189,Eichsfeld – Nordhausen – Kyffhäuserkreis,263.8,256.5,7.300000000000011,2.8,2057.64,7.3864,17475,18.9936,7.2,155929,32854,0.21069845891399291,yes,1,16,0.006711409395973154,NA,NA,0.026845637583892617,NA,0.9664429530201343,NA,NA
Thüringen,190,Eisenach – Wartburgkreis – Unstrut-Hainich-Kreis,273.3,264.3,9,3.3,3088.2900000000004,8.199000000000002,18020,18.584400000000002,6.8,160880,35821,0.22265663848831427,yes,1,16,0.11851851851851852,0.022222222222222223,0.02962962962962963,0.11851851851851852,0.037037037037037035,0.6,0.044444444444444446,0.02962962962962963
Thüringen,191,Jena – Sömmerda – Weimarer Land I,255.8,244.2,11.600000000000023,4.5,2506.84,10.4878,17558,15.348000000000003,6,153336,30421,0.19839437574998695,yes,1,16,0.0658682634730539,0.017964071856287425,NA,0.0658682634730539,0.18562874251497005,0.49101796407185627,0.10179640718562874,0.0718562874251497
Thüringen,192,Gotha – Ilm-Kreis,246.5,235,11.5,4.6,3401.7000000000003,9.86,17733,15.283,6.2,145876,35093,0.24056733115796977,yes,1,16,NA,NA,NA,0.07865168539325842,0.0449438202247191,0.8764044943820225,NA,NA
Thüringen,193,Erfurt – Weimar – Weimarer Land II,280.7,264,16.69999999999999,6,4968.389999999999,18.5262,17262,19.0876,6.8,166151,30166,0.18155773964646615,yes,1,16,NA,0.16666666666666666,NA,0.08333333333333333,NA,0.75,NA,NA
Thüringen,194,Gera – Greiz – Altenburger Land,289.5,280.5,9,3.1,3010.8,8.9745,18134,24.897,8.6,174394,47274,0.27107583976512956,yes,1,16,NA,0.21348314606741572,NA,NA,0.011235955056179775,0.7528089887640449,NA,0.02247191011235955
Thüringen,195,Saalfeld-Rudolstadt – Saale-Holzland-Kreis – Saale-Orla-Kreis,278.4,269,9.399999999999977,3.4,3535.6799999999994,6.6815999999999995,18365,16.9824,6.1,169716,43739,0.25771877725140824,yes,1,16,NA,NA,0.04926108374384237,NA,NA,0.9507389162561576,NA,NA
Thüringen,196,Suhl – Schmalkalden-Meiningen – Hildburghausen – Sonneberg,282.7,273.9,8.800000000000011,3.1,2063.71,7.0675,18845,13.286900000000001,4.7,168007,38677,0.23021064598498872,yes,1,16,NA,NA,0.12598425196850394,0.12598425196850394,NA,0.7480314960629921,NA,NA
Rheinland-Pfalz,197,Neuwied,309.8,287,22.80000000000001,7.4,3407.8,63.81880000000001,21726,16.4194,5.3,179082,19273,0.10762108978010074,no,0,11,0.029411764705882353,0.14705882352941177,0.051470588235294115,0.05514705882352941,0.13602941176470587,0.45955882352941174,0.03676470588235294,0.08455882352941177
Rheinland-Pfalz,198,Ahrweiler,246.4,230.1,16.30000000000001,6.6,2784.32,39.6704,22014,9.856,4,149988,14436,0.09624769981598529,no,0,11,0.10852713178294573,0.050387596899224806,0.1124031007751938,0.09302325581395349,0.14728682170542637,0.20930232558139536,0.15503875968992248,0.12403100775193798
Rheinland-Pfalz,199,Koblenz,257.2,234.1,23.099999999999994,9,2957.7999999999997,50.66839999999999,21059,12.86,5,149622,13697,0.09154402427450509,no,0,11,0.07692307692307693,0.04395604395604396,0.054945054945054944,0.0989010989010989,0.18681318681318682,0.4175824175824176,0.08791208791208792,0.03296703296703297
Rheinland-Pfalz,200,Mosel/Rhein-Hunsrück,219.5,205.4,14.099999999999994,6.4,2151.1000000000004,34.242,22334,8.9995,4.1,133703,12022,0.08991570869763581,no,0,11,0.08011869436201781,0.04747774480712166,NA,NA,0.0712166172106825,0.7270029673590505,0.03857566765578635,0.03560830860534125
Rheinland-Pfalz,201,Kreuznach,237.4,219.4,18,7.6,2184.08,42.0198,21362,15.193600000000002,6.4,138198,16195,0.11718693468791155,no,0,11,0.008130081300813009,NA,0.0975609756097561,0.12601626016260162,0.06097560975609756,0.6829268292682927,NA,0.024390243902439025
Rheinland-Pfalz,202,Bitburg,215.2,196.9,18.299999999999983,8.5,2195.0399999999995,29.4824,21839,8.3928,3.9,125050,10058,0.08043182726909236,no,0,11,0.024017467248908297,0.017467248908296942,0.043668122270742356,0.08733624454148471,0.002183406113537118,0.8013100436681223,0.021834061135371178,0.002183406113537118
Rheinland-Pfalz,203,Trier,262.9,230.9,31.99999999999997,12.2,9911.33,40.2237,21106,11.0418,4.2,149881,11926,0.07956979203501445,no,0,11,NA,NA,0.11428571428571428,NA,NA,0.8857142857142857,NA,NA
Rheinland-Pfalz,204,Montabaur,272.6,251.7,20.900000000000034,7.7,3625.5800000000004,47.705,22579,9.813600000000001,3.6,161759,17822,0.11017624985317664,no,0,11,0.006153846153846154,0.08307692307692308,0.015384615384615385,0.006153846153846154,0.11076923076923077,0.6492307692307693,0.12,0.009230769230769232
Rheinland-Pfalz,205,Mainz,343.9,295.7,48.19999999999999,14,5915.079999999999,82.53599999999999,22918,18.5706,5.4,200879,16535,0.08231323333947302,no,0,11,0.3875,0.15,0.0375,0.025,0.0125,0.2125,0.0375,0.1375
Rheinland-Pfalz,206,Worms,284.1,256.4,27.700000000000045,9.7,3409.2000000000003,57.67230000000001,22393,14.773200000000001,5.2,167663,21978,0.1310843775907624,no,0,11,0.07174887892376682,0.11210762331838565,0.08520179372197309,0.25112107623318386,0.04484304932735426,0.19282511210762332,0.16143497757847533,0.08071748878923767
Rheinland-Pfalz,207,Ludwigshafen/Frankenthal,314.6,261.2,53.400000000000034,17,2674.1000000000004,96.26760000000002,20614,21.3928,6.8,159499,24644,0.15450880569784137,no,0,11,0.14705882352941177,0.029411764705882353,0.08823529411764706,0.14705882352941177,0.11764705882352941,0.17647058823529413,0.029411764705882353,0.2647058823529412
Rheinland-Pfalz,208,Neustadt – Speyer,285.5,259.7,25.80000000000001,9,3054.85,51.39,24273,13.418500000000002,4.7,174345,22080,0.1266454443775273,no,0,11,0.06741573033707865,0.011235955056179775,0.07865168539325842,0.12359550561797752,0.11235955056179775,0.449438202247191,0.06741573033707865,0.0898876404494382
Rheinland-Pfalz,209,Kaiserslautern,296.8,272.6,24.19999999999999,8.1,3027.36,58.17280000000001,19816,19.5888,6.6,169755,23207,0.13670878619186475,no,0,11,0.0044444444444444444,0.0044444444444444444,0.022222222222222223,0.022222222222222223,0.05333333333333334,0.8711111111111111,0.008888888888888889,0.013333333333333334
Rheinland-Pfalz,210,Pirmasens,223.8,209.9,13.900000000000006,6.2,1656.1200000000001,30.6606,20785,14.7708,6.6,132714,18648,0.14051268140512682,no,0,11,0.046511627906976744,0.046511627906976744,0.09302325581395349,0.09302325581395349,NA,0.5813953488372093,NA,0.13953488372093023
Rheinland-Pfalz,211,Südpfalz,283.2,258.6,24.599999999999966,8.7,3200.16,50.6928,21679,12.743999999999998,4.5,170401,23190,0.13609075064113474,no,0,11,0.1559633027522936,NA,NA,0.07339449541284404,NA,0.7522935779816514,NA,0.01834862385321101
Bayern,212,Altötting,220.5,199.8,20.69999999999999,9.4,3439.7999999999997,43.659000000000006,22185,8.599499999999999,3.9,125909,18305,0.14538277644965808,no,0,2,0.03333333333333333,0.05,0.03333333333333333,0.05,0.05,0.7333333333333333,0.05,NA
Bayern,213,Erding – Ebersberg,271.2,242.1,29.099999999999994,10.7,4122.24,39.86639999999999,24309,5.4239999999999995,2,162608,19367,0.11910238118665749,no,0,2,0.15760869565217392,0.13043478260869565,0.09782608695652174,0.1358695652173913,0.1358695652173913,0.07608695652173914,0.15217391304347827,0.11413043478260869
Bayern,214,Freising,326,285.8,40.19999999999999,12.3,5281.2,55.093999999999994,22838,7.172000000000001,2.2,185634,25178,0.13563248111876058,no,0,2,0.19230769230769232,0.14615384615384616,0.08461538461538462,0.1,0.12307692307692308,0.19230769230769232,0.06153846153846154,0.1
Bayern,215,Fürstenfeldbruck,323.5,282.2,41.30000000000001,12.8,5402.45,62.435500000000005,24151,8.411,2.6,189842,21938,0.11555925453798421,no,0,2,0.20659340659340658,0.14065934065934066,0.13626373626373625,0.13406593406593406,0.10329670329670329,0.015384615384615385,0.14065934065934066,0.12307692307692308
Bayern,216,Ingolstadt,327.3,290.7,36.60000000000002,11.2,3338.46,80.51580000000001,21717,8.1825,2.5,182840,27671,0.15133996937212862,no,0,2,0.022222222222222223,NA,0.022222222222222223,0.08888888888888889,NA,0.8444444444444444,0.022222222222222223,NA
Bayern,217,München-Nord,368.1,264.3,103.80000000000001,28.2,3717.81,126.2583,25838,16.5645,4.5,173092,14901,0.08608716751785178,no,0,2,NA,0.1875,0.25,0.25,NA,NA,0.125,0.1875
Bayern,218,München-Ost,377.4,284.7,92.69999999999999,24.6,3811.74,129.44819999999999,25838,16.983,4.5,186047,15940,0.08567727509715287,no,0,2,NA,0.1875,0.25,0.25,NA,NA,0.125,0.1875
Bayern,219,München-Süd,334.8,252.5,82.30000000000001,24.6,3381.48,114.8364,25838,15.066,4.5,169770,14584,0.08590445897390588,no,0,2,NA,0.1875,0.25,0.25,NA,NA,0.125,0.1875
Bayern,220,München-West/Mitte,370,282.6,87.39999999999998,23.6,3737,126.90999999999998,25838,16.65,4.5,192595,14879,0.07725538046159039,no,0,2,NA,0.1875,0.25,0.25,NA,NA,0.125,0.1875
Bayern,221,München-Land,340,287.1,52.89999999999998,15.6,6902,77.18,29954,9.180000000000001,2.7,196362,18457,0.09399476477118791,no,0,2,0.16233766233766234,0.11038961038961038,0.1331168831168831,0.1331168831168831,0.1331168831168831,0.022727272727272728,0.14935064935064934,0.15584415584415584
Bayern,222,Rosenheim,317.9,282.8,35.099999999999966,11.1,5404.299999999999,53.72509999999999,23680,9.8549,3.1,185456,25698,0.13856656026227246,no,0,2,0.029850746268656716,0.05970149253731343,0.07462686567164178,0.08955223880597014,0.08955223880597014,0.582089552238806,0.029850746268656716,0.04477611940298507
Bayern,223,Bad Tölz-Wolfratshausen – Miesbach,223.2,198.3,24.899999999999977,11.2,3392.64,37.943999999999996,26258,6.4727999999999994,2.9,131817,15407,0.11688173756040571,no,0,2,0.20588235294117646,0.058823529411764705,0.0392156862745098,0.13725490196078433,0.14705882352941177,0.23529411764705882,0.08823529411764706,0.08823529411764706
Bayern,224,Starnberg – Landsberg am Lech,290.7,258.5,32.19999999999999,11.1,4186.08,45.058499999999995,29060,8.430299999999999,2.9,176259,17450,0.09900203677542707,no,0,2,0.13529411764705881,0.18823529411764706,0.09411764705882353,0.12352941176470589,0.12941176470588237,0.14705882352941177,0.11176470588235295,0.07058823529411765
Bayern,225,Traunstein,278.1,248.4,29.700000000000017,10.7,3893.4000000000005,53.95140000000001,22259,10.845900000000002,3.9,159568,19183,0.12021833951669508,no,0,2,0.058823529411764705,0.1323529411764706,0.029411764705882353,0.029411764705882353,0.10294117647058823,0.5882352941176471,0.058823529411764705,NA
Bayern,226,Weilheim,220.3,199.2,21.100000000000023,9.6,3679.01,29.9608,24017,7.2699,3.3,133560,16143,0.1208670260557053,no,0,2,0.10714285714285714,0.0625,0.026785714285714284,0.09821428571428571,0.16964285714285715,0.3392857142857143,0.11607142857142858,0.08035714285714286
Bayern,227,Deggendorf,208.4,197.2,11.200000000000017,5.4,1979.8,22.7156,20088,7.5024,3.6,118755,22765,0.1916971916971917,no,0,2,0.03389830508474576,0.01694915254237288,0.01694915254237288,0.03389830508474576,NA,0.8813559322033898,0.01694915254237288,NA
Bayern,228,Landshut,336.1,301.2,34.900000000000034,10.4,7058.1,57.13700000000001,22276,10.755200000000002,3.2,191694,28059,0.14637390841653886,no,0,2,0.1732283464566929,0.08661417322834646,0.03937007874015748,0.13385826771653545,0.07086614173228346,0.29133858267716534,0.13385826771653545,0.07086614173228346
Bayern,229,Passau,225.2,208.9,16.299999999999983,7.2,3265.3999999999996,28.600399999999993,20065,9.458400000000001,4.2,130571,20968,0.16058696035107337,no,0,2,0.05405405405405406,NA,NA,0.02702702702702703,NA,0.918918918918919,NA,NA
Bayern,230,Rottal-Inn,220,201.1,18.900000000000006,8.6,2420,30.8,21229,6.82,3.1,123504,20381,0.165022995206633,no,0,2,NA,0.019230769230769232,0.057692307692307696,NA,NA,0.9230769230769231,NA,NA
Bayern,231,Straubing,222.4,207.2,15.200000000000017,6.8,2802.24,23.796799999999998,20576,9.1184,4.1,128207,23580,0.18392131474880466,no,0,2,0.014492753623188406,0.057971014492753624,0.014492753623188406,0.014492753623188406,0.028985507246376812,0.8405797101449275,0.028985507246376812,NA
Bayern,232,Amberg,275.8,258.2,17.600000000000023,6.4,3061.38,34.7508,21131,8.5498,3.1,168203,21540,0.1280595470948794,no,0,2,NA,NA,NA,NA,NA,1,NA,NA
Bayern,233,Regensburg,334.9,302.7,32.19999999999999,9.6,5257.929999999999,62.9612,21814,9.042300000000001,2.7,197663,25628,0.1296550188957974,no,0,2,NA,0.021739130434782608,0.021739130434782608,0.021739130434782608,NA,0.9130434782608695,NA,0.021739130434782608
Bayern,234,Schwandorf,271.2,256.7,14.5,5.3,2657.76,23.594399999999997,20358,9.491999999999999,3.5,161282,28007,0.17365236046179983,no,0,2,0.046511627906976744,0.08139534883720931,0.023255813953488372,0.023255813953488372,0.023255813953488372,0.7325581395348837,0.05813953488372093,0.011627906976744186
Bayern,235,Weiden,210.4,200.5,9.900000000000006,4.7,1157.2,20.8296,20390,9.257600000000002,4.4,129339,17407,0.13458430945035912,no,0,2,NA,NA,NA,NA,0.014925373134328358,0.9850746268656716,NA,NA
Bayern,236,Bamberg,234.3,218,16.30000000000001,7,3163.05,29.2875,21716,7.9662,3.4,144418,18394,0.12736639477073494,no,0,2,0.025,NA,NA,NA,0.075,0.875,0.025,NA
Bayern,237,Bayreuth,204.5,193.4,11.099999999999994,5.4,1370.15,28.016499999999997,21698,8.7935,4.3,126522,13564,0.10720665180759077,no,0,2,NA,0.021739130434782608,NA,NA,NA,0.9347826086956522,0.021739130434782608,0.021739130434782608
Bayern,238,Coburg,198.7,188.5,10.199999999999989,5.1,1112.7199999999998,23.247899999999994,24053,7.3519,3.7,122179,14210,0.11630476595814337,no,0,2,0.025,0.025,NA,0.025,NA,0.925,NA,NA
Bayern,239,Hof,211.4,196.8,14.599999999999994,6.9,1522.0800000000002,28.327600000000004,21143,10.358600000000001,4.9,125791,16606,0.1320126241146028,no,0,2,NA,NA,NA,NA,NA,1,NA,NA
Bayern,240,Kulmbach,210.5,202.7,7.800000000000011,3.7,1136.7,18.945,21623,7.578,3.6,133911,18000,0.1344176355937899,no,0,2,NA,0.07272727272727272,NA,NA,NA,0.9090909090909091,0.01818181818181818,NA
Bayern,241,Ansbach,315.8,291.8,24,7.6,4673.84,45.4752,21613,10.7372,3.4,184421,21734,0.11784991947771675,no,0,2,NA,0.011363636363636364,NA,0.011363636363636364,NA,0.9659090909090909,0.011363636363636364,NA
Bayern,242,Erlangen,242.5,215.9,26.599999999999994,11,3346.5,49.47,24270,7.275,3,147370,13953,0.09468005699938929,no,0,2,NA,0.125,0.09375,0.03125,NA,0.6875,0.03125,0.03125
Bayern,243,Fürth,337.2,304,33.19999999999999,9.8,4417.32,69.12599999999999,22885,12.8136,3.8,197343,23032,0.11671049897893515,no,0,2,0.017241379310344827,0.034482758620689655,NA,0.034482758620689655,0.08620689655172414,0.8275862068965517,NA,NA
Bayern,244,Nürnberg-Nord,285.3,224.4,60.900000000000006,21.3,4821.57,103.8492,21791,17.9739,6.3,145304,14503,0.09981142982987391,no,0,2,NA,NA,NA,NA,NA,1,NA,NA
Bayern,245,Nürnberg-Süd,265.1,217.7,47.400000000000034,17.9,4374.1500000000005,91.72460000000001,22126,15.640900000000002,5.9,130978,18679,0.14261173632213042,no,0,2,NA,NA,NA,NA,NA,1,NA,NA
Bayern,246,Roth,292.8,272.5,20.30000000000001,6.9,3835.68,36.0144,24299,7.612800000000001,2.6,184545,21357,0.11572787125091441,no,0,2,0.020833333333333332,NA,0.020833333333333332,0.08333333333333333,NA,0.8541666666666666,NA,0.020833333333333332
Bayern,247,Aschaffenburg,242.7,218.1,24.599999999999994,10.1,2257.11,47.811899999999994,23305,9.222599999999998,3.8,143378,16634,0.11601500927617905,no,0,2,0.18867924528301888,0.05660377358490566,0.07547169811320754,0.03773584905660377,0.11320754716981132,0.41509433962264153,0.03773584905660377,0.07547169811320754
Bayern,248,Bad Kissingen,267.4,256.5,10.899999999999977,4.1,1791.58,29.1466,20817,8.824199999999998,3.3,169903,19653,0.11567188336874569,no,0,2,0.01098901098901099,NA,0.01098901098901099,NA,NA,0.978021978021978,NA,NA
Bayern,249,Main-Spessart,254.6,234.7,19.900000000000006,7.8,1527.6,38.19,21936,6.6196,2.6,155959,16856,0.10807968761020524,no,0,2,0.013513513513513514,NA,NA,NA,0.02702702702702703,0.9459459459459459,NA,0.013513513513513514
Bayern,250,Schweinfurt,256.1,237,19.100000000000023,7.5,2945.15,42.2565,21354,9.219600000000002,3.6,154940,18904,0.12200851942687492,no,0,2,NA,NA,NA,0.09230769230769231,0.015384615384615385,0.8923076923076924,NA,NA
Bayern,251,Würzburg,285.3,265.3,20,7,1968.5700000000002,46.5039,23105,8.559000000000001,3,181902,15769,0.0866895361238469,no,0,2,0.03278688524590164,0.09836065573770492,NA,0.01639344262295082,NA,0.8360655737704918,NA,0.01639344262295082
Bayern,252,Augsburg-Stadt,314.1,256.3,57.80000000000001,18.4,5622.39,109.6209,18877,16.961400000000005,5.4,152057,21013,0.13819159920293048,no,0,2,0.4117647058823529,0.11764705882352941,0.11764705882352941,0.17647058823529413,NA,NA,0.11764705882352941,0.058823529411764705
Bayern,253,Augsburg-Land,324.8,299.3,25.5,7.9,4157.4400000000005,49.6944,23625,8.4448,2.6,197838,27042,0.13668759287902224,no,0,2,0.09803921568627451,0.058823529411764705,0.058823529411764705,0.08823529411764706,0.17647058823529413,0.43137254901960786,0.0392156862745098,0.049019607843137254
Bayern,254,Donau-Ries,249.8,230.4,19.400000000000006,7.8,2822.7400000000002,34.2226,23203,5.4956000000000005,2.2,146826,21588,0.14703117976380206,no,0,2,0.011627906976744186,0.011627906976744186,NA,0.05813953488372093,0.046511627906976744,0.8488372093023255,NA,0.023255813953488372
Bayern,255,Neu-Ulm,328,289.7,38.30000000000001,11.7,4231.2,66.91199999999999,23426,8.2,2.5,180762,27326,0.15117115322910787,no,0,2,0.056818181818181816,0.045454545454545456,0.03409090909090909,0.056818181818181816,NA,0.7045454545454546,0.07954545454545454,0.022727272727272728
Bayern,256,Oberallgäu,300,268.8,31.19999999999999,10.4,4530,52.5,22864,9.3,3.1,175341,18528,0.10566838332164183,no,0,2,0.0196078431372549,0.058823529411764705,NA,NA,0.0196078431372549,0.8627450980392157,0.0392156862745098,NA
Bayern,257,Ostallgäu,329.2,297.5,31.69999999999999,9.6,5036.76,53.0012,22927,9.876,3,190159,25383,0.13348303262007058,no,0,2,0.09278350515463918,0.020618556701030927,0.020618556701030927,0.020618556701030927,0.010309278350515464,0.7319587628865979,0.05154639175257732,0.05154639175257732
Baden-Württemberg,258,Stuttgart I,304.3,239.6,64.70000000000002,21.4,5020.95,117.45980000000002,23759,15.215,5,159974,11455,0.07160538587520472,no,0,1,0.6666666666666666,NA,NA,NA,NA,NA,0.3333333333333333,NA
Baden-Württemberg,259,Stuttgart II,319.5,235.4,84.1,26.2,5271.75,123.32700000000001,23759,15.975,5,137803,14894,0.10808182695587179,no,0,1,0.6666666666666666,NA,NA,NA,NA,NA,0.3333333333333333,NA
Baden-Württemberg,260,Böblingen,358.7,298.9,59.80000000000001,16.7,6348.99,110.47959999999999,23483,11.1197,3.1,194896,22854,0.11726254002134472,no,0,1,NA,NA,NA,0.043478260869565216,NA,0.9565217391304348,NA,NA
Baden-Württemberg,261,Esslingen,245.9,204.1,41.80000000000001,17,3024.57,66.1471,23606,8.6065,3.5,134380,14692,0.10933174579550528,no,0,1,NA,NA,NA,NA,NA,1,NA,NA
Baden-Württemberg,262,Nürtingen,293.3,250.9,42.400000000000006,14.5,4634.14,79.4843,23600,10.2655,3.5,166609,20544,0.1233066641057806,no,0,1,0.0625,0.03125,NA,NA,0.03125,0.875,NA,NA
Baden-Württemberg,263,Göppingen,252.7,216.4,36.29999999999998,14.4,3082.9399999999996,67.9763,22333,9.8553,3.9,135938,19956,0.1468022186585061,no,0,1,0.023809523809523808,NA,NA,0.047619047619047616,0.047619047619047616,0.7857142857142857,0.09523809523809523,NA
Baden-Württemberg,264,Waiblingen,317.4,270.5,46.89999999999998,14.8,4094.46,78.7152,23752,10.791599999999999,3.4,176892,22870,0.1292879270967596,no,0,1,NA,NA,NA,NA,NA,1,NA,NA
Baden-Württemberg,265,Ludwigsburg,324.7,268.1,56.599999999999966,17.4,4773.089999999999,94.163,23470,11.3645,3.5,173985,19780,0.11368796160588557,no,0,1,NA,NA,NA,NA,NA,1,NA,NA
Baden-Württemberg,266,Neckar-Zaber,322.1,278.1,44,13.7,4219.51,89.5438,23329,11.273500000000002,3.5,184220,24124,0.13095212246227336,no,0,1,0.023809523809523808,NA,0.023809523809523808,0.047619047619047616,0.047619047619047616,0.8333333333333334,0.023809523809523808,NA
Baden-Württemberg,267,Heilbronn,351.7,294.8,56.89999999999998,16.2,6365.77,111.8406,29506,14.771400000000002,4.2,183282,30088,0.16416232908850842,no,0,1,NA,0.03125,NA,NA,NA,0.9375,NA,0.03125
Baden-Württemberg,268,Schwäbisch Hall – Hohenlohe,301.8,274.6,27.19999999999999,9,4164.84,73.0356,21905,9.3558,3.1,169459,24801,0.14635398532978477,no,0,1,0.021739130434782608,0.021739130434782608,NA,NA,0.021739130434782608,0.9347826086956522,NA,NA
Baden-Württemberg,269,Backnang – Schwäbisch Gmünd,241.5,213.6,27.900000000000006,11.6,3067.0499999999997,56.028,22927,7.969499999999999,3.3,135304,19437,0.14365428959971618,no,0,1,NA,NA,NA,NA,NA,1,NA,NA
Baden-Württemberg,270,Aalen – Heidenheim,303.8,270.5,33.30000000000001,11,5468.4000000000005,70.4816,22109,12.4558,4.1,168210,20614,0.12254919445930681,no,0,1,0.03125,NA,NA,0.03125,NA,0.9375,NA,NA
Baden-Württemberg,271,Karlsruhe-Stadt,307.8,252.3,55.5,18,7695,93.87899999999999,21417,14.466600000000001,4.7,160690,16712,0.1040014935590267,no,0,1,1,NA,NA,NA,NA,NA,NA,NA
Baden-Württemberg,272,Karlsruhe-Land,281.1,250.1,31.00000000000003,11,3176.4300000000003,58.18770000000001,22619,9.276299999999999,3.3,167216,20887,0.12491029566548656,no,0,1,0.09090909090909091,0.045454545454545456,NA,NA,NA,0.7727272727272727,0.045454545454545456,0.045454545454545456
Baden-Württemberg,273,Rastatt,281.6,245.8,35.80000000000001,12.7,4336.64,68.42880000000001,23075,9.856000000000002,3.5,155235,19700,0.12690437079266917,no,0,1,0.041666666666666664,NA,NA,NA,NA,0.9583333333333334,NA,NA
Baden-Württemberg,274,Heidelberg,317.1,269.3,47.80000000000001,15.1,3488.1000000000004,81.49470000000001,22796,13.635299999999999,4.3,177832,16849,0.0947467272481893,no,0,1,0.16216216216216217,0.05405405405405406,0.08108108108108109,0.13513513513513514,0.10810810810810811,0.08108108108108109,0.10810810810810811,0.2702702702702703
Baden-Württemberg,275,Mannheim,305.8,236.6,69.20000000000002,22.6,6085.42,111.31120000000001,19846,17.430600000000002,5.7,142721,18308,0.1282782491714604,no,0,1,NA,0.3333333333333333,NA,0.3333333333333333,NA,NA,0.3333333333333333,NA
Baden-Württemberg,276,Odenwald – Tauber,275.1,253.3,21.80000000000001,7.9,4098.990000000001,49.7931,21164,9.9036,3.6,161214,22288,0.13825102038284517,no,0,1,NA,0.08620689655172414,NA,0.06896551724137931,0.05172413793103448,0.6896551724137931,0.06896551724137931,0.034482758620689655
Baden-Württemberg,277,Rhein-Neckar,268.9,239,29.899999999999977,11.1,3925.9399999999996,56.737899999999996,23240,11.024899999999997,4.1,154652,20942,0.1354137030235626,no,0,1,0.12345679012345678,0.08641975308641975,0.07407407407407407,0.1111111111111111,0.1111111111111111,0.18518518518518517,0.2222222222222222,0.08641975308641975
Baden-Württemberg,278,Bruchsal – Schwetzingen,266.8,235.3,31.5,11.8,3841.92,55.7612,22879,9.604800000000001,3.6,152694,22794,0.1492789500569767,no,0,1,0.2549019607843137,0.11764705882352941,0.09803921568627451,0.0784313725490196,0.11764705882352941,0.058823529411764705,0.16666666666666666,0.10784313725490197
Baden-Württemberg,279,Pforzheim,318.3,267.4,50.900000000000034,16,5665.740000000001,98.99130000000001,22911,13.686900000000001,4.3,166072,27105,0.16321234163495352,no,0,1,NA,NA,NA,NA,NA,1,NA,NA
Baden-Württemberg,280,Calw,271.6,239.9,31.700000000000017,11.7,4209.8,62.468,22863,9.2344,3.4,151600,22714,0.14982849604221635,no,0,1,NA,NA,NA,0.023809523809523808,NA,0.9523809523809523,NA,0.023809523809523808
Baden-Württemberg,281,Freiburg,313.8,268.9,44.900000000000034,14.3,5114.9400000000005,79.3914,21003,15.0624,4.8,179518,14101,0.07854922626143339,no,0,1,NA,NA,NA,NA,NA,1,NA,NA
Baden-Württemberg,282,Lörrach – Müllheim,318.7,278.3,40.39999999999998,12.7,5704.73,70.43270000000001,23142,10.517099999999997,3.3,175691,18457,0.10505375915670126,no,0,1,0.0196078431372549,0.0196078431372549,0.0392156862745098,0.0196078431372549,0.0784313725490196,0.7843137254901961,0.0196078431372549,0.0196078431372549
Baden-Württemberg,283,Emmendingen – Lahr,289.2,263.2,26,9,4424.76,52.345200000000006,21513,9.2544,3.2,166443,19139,0.1149883143178145,no,0,1,NA,NA,0.023809523809523808,NA,0.07142857142857142,0.9047619047619048,NA,NA
Baden-Württemberg,284,Offenburg,272.3,246.2,26.100000000000023,9.6,3104.2200000000003,57.7276,21662,9.5305,3.5,153635,17799,0.1158525075666352,no,0,1,NA,0.12903225806451613,NA,0.03225806451612903,NA,0.8387096774193549,NA,NA
Baden-Württemberg,285,Rottweil – Tuttlingen,274.1,242.7,31.400000000000034,11.4,3919.6300000000006,72.3624,23526,7.9489,2.9,150048,20927,0.1394687033482619,no,0,1,NA,NA,NA,0.017857142857142856,0.017857142857142856,0.9642857142857143,NA,NA
Baden-Württemberg,286,Schwarzwald-Baar,230.3,200.3,30,13,4145.4000000000005,59.878,22805,7.8302,3.4,123726,15348,0.12404830027641725,no,0,1,0.03333333333333333,0.06666666666666667,NA,0.06666666666666667,0.1,0.7333333333333333,NA,NA
Baden-Württemberg,287,Konstanz,280.3,243.1,37.20000000000002,13.3,4765.1,66.7114,22339,10.371100000000002,3.7,157257,16188,0.10293977374616074,no,0,1,0.04,NA,NA,0.04,NA,0.92,NA,NA
Baden-Württemberg,288,Waldshut,245.8,215.6,30.200000000000017,12.3,4154.0199999999995,51.618,22429,8.3572,3.4,135128,13299,0.09841779645965307,no,0,1,0.02,0.02,NA,0.04,NA,0.92,NA,NA
Baden-Württemberg,289,Reutlingen,282.1,242.8,39.30000000000001,13.9,4400.76,73.346,23126,10.437700000000001,3.7,156066,20174,0.1292658234336755,no,0,1,0.07142857142857142,NA,NA,0.03571428571428571,0.03571428571428571,0.8571428571428571,NA,NA
Baden-Württemberg,290,Tübingen,270.9,238,32.89999999999998,12.2,3467.52,60.68159999999999,21953,8.3979,3.1,158407,15885,0.10027965935848794,no,0,1,NA,0.047619047619047616,NA,NA,NA,0.9523809523809523,NA,NA
Baden-Württemberg,291,Ulm,314.7,271.3,43.39999999999998,13.8,4846.38,79.6191,22957,10.3851,3.3,175842,20430,0.11618384686252431,no,0,1,0.017857142857142856,NA,NA,NA,NA,0.9642857142857143,NA,0.017857142857142856
Baden-Württemberg,292,Biberach,222.8,203.6,19.200000000000017,8.6,4077.2400000000002,42.332,21938,5.792800000000001,2.6,130272,16235,0.12462386391549987,no,0,1,NA,0.06,0.02,0.02,NA,0.9,NA,NA
Baden-Württemberg,293,Bodensee,233.3,206.5,26.80000000000001,11.5,3172.88,52.2592,23541,7.2323,3.1,135934,14163,0.104190268806921,no,0,1,NA,NA,NA,NA,NA,0.9259259259259259,0.037037037037037035,0.037037037037037035
Baden-Württemberg,294,Ravensburg,250.5,226.5,24,9.6,3632.25,50.350500000000004,22091,7.515,3,144785,14899,0.10290430638532998,no,0,1,NA,0.027777777777777776,NA,0.027777777777777776,NA,0.9444444444444444,NA,NA
Baden-Württemberg,295,Zollernalb – Sigmaringen,249.1,221,28.099999999999994,11.3,5455.29,55.5493,22823,8.4694,3.4,137726,18813,0.1365973018892584,no,0,1,NA,NA,NA,NA,NA,1,NA,NA
Saarland,296,Saarbrücken,269.8,235,34.80000000000001,12.9,3129.68,53.96,18923,25.361200000000004,9.4,145431,14043,0.09656125585329126,no,0,12,NA,NA,NA,NA,0.16666666666666666,0.8333333333333334,NA,NA
Saarland,297,Saarlouis,265.5,240.8,24.69999999999999,9.3,3902.85,42.7455,18991,14.6025,5.5,157540,15497,0.09836866827472387,no,0,12,NA,NA,NA,NA,0.05555555555555555,0.9444444444444444,NA,NA
Saarland,298,St. Wendel,216.7,205.5,11.199999999999989,5.1,2188.6699999999996,28.3877,21924,13.218699999999998,6.1,138710,12628,0.09103885804916732,no,0,12,NA,NA,NA,0.0625,NA,0.9375,NA,NA
Saarland,299,Homburg,243.7,223,20.69999999999999,8.5,3216.8399999999997,37.7735,20506,16.8153,6.9,143523,16744,0.11666422803313754,no,0,12,NA,0.07692307692307693,NA,0.15384615384615385,NA,0.7692307692307693,NA,NA
